user,contraseña,nombre,apellidos,fechanac
02Ana,$ANgar83,Ana,"García Herrero",1999-02-06
02Elsa,$ELfru16,Elsa,"Frutos Núñez",1989-02-23
02Eva,$EValv89,Eva,"Alvarez Martinez",1991-08-04
02Pedro,$PEpan27,Pedro,"Pancorvo Hidalgo",1996-03-03
03ez,$FRfre39,Francisco,"Freire Alonso",1993-07-25
03lemon,$ARabr14,Arturo,"Abrines salas",1993-07-25
03pz,$SEmat33,Sean,Matthews,1993-07-25
03squeezy,$SOrey24,Sonia,"Rey Ortega",1993-07-25
04CarlosLa,$CAlab11,Carlos,"Labra Mora",1996-02-10
05User2,$CAant65,Carla,"Anton Martinez",1996-12-09
05User3,$JOleo10,Jonathan,"Leon Suárez",1996-03-05
05User4,$ALmar27,Alfredo,"Marco Roura",1993-08-30
10agallas,$ÁGcor95,Ágata,"Cortés Valverde",1997-01-08
10asdffgh,$ASser24,Asumta,"Serra Muntaner",1992-12-12
10elchupacabras,$YOmar96,Yolanda,"Martínez Fernández",1992-12-12
10messy10,$LAgóm37,Laura,"Gómez Cuenca",1990-01-15
10qwert,$ESrod68,Esteban,"Rodríguez Santiago",0192-12-12
11Epami,$MAlab38,María,"Labrador Revuelta",2016-01-12
11Eustaquio,$EUgar69,Eustaquio,"García García",1990-01-08
11Fernando,$FEfer39,Fernando,"Fernández Huidobro",1997-01-09
11Jorge,$JOdie72,Jorge,"Diez Gil",1996-01-07
13Antonio,$ANfer50,Antonio,"Fernandez Montes",1992-05-05
13Carlota,$CArev27,Carlota,"Revuelta Herrero",1994-05-05
13Concepcion,$COcan63,Concepcion,"Cano Higuera",1980-05-18
13LourHerna,$LOher47,"Lourdes ","Hernández González",1995-11-20
13Lucia,$LUcal34,Lucia,"Calderón García",1993-05-25
16Ana,$ANfer20,"Ana Patricia","Fernandez González",1999-05-12
16Carlos,$CAlab80,Carlos,"Labrador Amieva",1996-07-08
16Victor,$VIbol58,Victor,"Bolado Suárez",1996-01-09
16Yeray,$YEpeñ41,Yeray,"Peña Sisniega",1996-09-11
17Campillo,$FEcam22,"Fernando ","Campillo Jiménez",1990-07-25
17Cantua,$ALcan68,"Alberto ","Cantúa Vitienes",1990-12-12
17Fabric,$JOben84,Joshua,"Benítez Díaz",1990-03-11
17Val,$RAval27,Rafael,"Val Mora",1990-05-03
18Dana,$DImar53,Diana,"Marín Lavín",1996-02-01
18Gama,$GElóp84,Gema,"López Villegas",1982-09-09
18Rana,$RAmar74,Raquel,"Martín Alba",1988-04-04
18Wala,$GUruí16,Guillermo,"Ruíz Antolín",1992-03-03
19Carls,$CAbue28,Carla,"Bueno Martinez",1996-09-12
19Fresh,$ALort82,Alfredo,"Ortega Fernández",1993-08-28
19Joni,$JOmor49,Jonathan,"Moreno Lorenzo",1996-03-05
19Toñin,$ANgra77,Antonio,"Gracia Saiz",1992-04-05
20Alberto,$ALmar47,Alberto,"Martínez Crespo",1997-07-16
20Ana,$ANrui88,Ana,"Ruiz Abascal",1989-01-02
20Juan,$JUrod20,Juan,"Rodríguez Ortiz",1995-08-28
20Luis,$LUlóp95,Luis,"López Cobo",1990-12-08
21Arm,$ARbla45,Armando,"Blanco Diego",1868-02-26
21booom,$BLmor23,Blanca,"Morales Alonso",1600-02-01
21Byron,$BYort57,Byron,"Ortiz Martín",1995-07-16
21meko,$LOmie28,Lourdes,"Miera Campillo",1900-02-03
22Adolf,$ADdìe49,Adolfo,"Dìez Cobo",1945-07-19
22Eustaquio,$SAsai62,Sara,"Sainz Hernández",1995-02-18
22Hans,$ANjim65,Andrea,"Jiménez Blanco",1962-10-02
22Santa,$SApeñ39,Santiago,"Peña Diego",1990-04-02
24Boom,$ELcre81,Elena,"Crespo Abascal",1989-02-14
24Leia,$MAlav97,Maria,"Lavín Herrero",1999-05-12
24Mary,$MAher53,Marta,"Herrera Castillo",1998-01-27
24Pam,$PAmuñ56,Pamela,"Muñoz Vega",1982-08-11
25Victor,$VIrev22,Victor,"Revuelta Puente",1989-03-01
26Fer,$FEsie22,Fernando,"Sierra Torre",1992-05-08
26luc,$LUcue34,Lucas,"Cuesta Santamaría",1856-03-07
26Mart,$MAibá94,Marta,"Ibáñez Iglesias",1863-04-07
26Pe,$PIsan89,Pilar,"San Emeterio Calderón",1996-03-15
27Daniel,$DAtre64,Daniel,"Tresgallo Ceballos",1990-04-12
27flynn,$CRcan44,Cristina,"Cano Trueba",1981-06-24
27potter,$HAbol20,Harry,"Bolado Arce",1980-07-31
27scott,$ALmor46,Alejandro,"Moreno Merino",1994-08-17
28Adela,$ADcam71,Adela,"Campo Pelayo",1994-04-30
28Esther,$ESdia30,Esther,"Diaz Perez",1990-02-23
28Raul,$RAper14,Raul,"Perez Prieto",1997-02-19
28Roberto,$ROdia63,Roberto,"Diaz Quintana",1993-02-12
29David,$DAbar85,David,"Barquín Becerra",0194-03-12
30Rodrigo,$ROram44,Rodrigo,"Ramos Cuevas",1992-01-25
31juasRodrigo,$RAcal45,Ramón,"Calvo Maza",1994-09-17
